{
    "fidelity": {
        "wasserstein": 2053.275406001887,
        "js_divergence": 0.0017500620606693694,
        "correlation_similarity": 0.5261893421510777,
        "mmd": 0.07179831320865203,
        "kl_divergence": 10.94410392798294
    },
    "utility": {
        "baseline_accuracy": 0.7866666666666666,
        "tstr_accuracy": 0.78,
        "trts_accuracy": 0.57,
        "performance_drop": 0.6666666666666599
    },
    "privacy": {
        "linkability": {
            "exact_matches": 0,
            "is_compliant": true
        },
        "mia_risk_score": 1.0,
        "k_anonymity": 6,
        "is_compliant": false
    }
}