{
    "fidelity": {
        "wasserstein": 0.05235886561911549,
        "js_divergence": 0.0025720926835902406,
        "correlation_similarity": 0.5590307126553555,
        "mmd": 0.06324555398848315,
        "kl_divergence": 10.95741694182035
    },
    "utility": {
        "baseline_accuracy": 0.7933333333333333,
        "tstr_accuracy": 0.8333333333333334,
        "trts_accuracy": 0.688,
        "performance_drop": 0.0
    },
    "privacy": {
        "linkability": {
            "exact_matches": 0,
            "is_compliant": true
        },
        "mia_risk_score": 0.75,
        "k_anonymity": 7,
        "is_compliant": true
    }
}