{
    "fidelity": {
        "wasserstein": 0.05952137385599878,
        "js_divergence": 0.0018855774577248587,
        "correlation_similarity": 0.5784861766811271,
        "mmd": 0.06324555322168557,
        "kl_divergence": 10.963140396159366
    },
    "utility": {
        "baseline_accuracy": 0.8,
        "tstr_accuracy": 0.74,
        "trts_accuracy": 0.676,
        "performance_drop": 6.000000000000005
    },
    "privacy": {
        "linkability": {
            "exact_matches": 0,
            "is_compliant": true
        },
        "mia_risk_score": 0.72,
        "k_anonymity": 7,
        "is_compliant": true
    }
}