{
    "fidelity": {
        "wasserstein": 1929.4492996190754,
        "js_divergence": 0.0025601182929322177,
        "correlation_similarity": 0.5369387647149094,
        "mmd": 0.07196134704064362,
        "kl_divergence": 10.931264961963361
    },
    "utility": {
        "baseline_accuracy": 0.7866666666666666,
        "tstr_accuracy": 0.8266666666666667,
        "trts_accuracy": 0.618,
        "performance_drop": 0.0
    },
    "privacy": {
        "linkability": {
            "exact_matches": 0,
            "is_compliant": true
        },
        "mia_risk_score": 1.0,
        "k_anonymity": 7,
        "is_compliant": false
    }
}