{
    "fidelity": {
        "wasserstein": 2230.668248994239,
        "js_divergence": 0.0021551592488096745,
        "correlation_similarity": 0.5122205651584144,
        "mmd": 0.0687191128590596,
        "kl_divergence": 10.940533714268678
    },
    "utility": {
        "baseline_accuracy": 0.7733333333333333,
        "tstr_accuracy": 0.7866666666666666,
        "trts_accuracy": 0.532,
        "performance_drop": 0.0
    },
    "privacy": {
        "linkability": {
            "exact_matches": 0,
            "is_compliant": true
        },
        "mia_risk_score": 1.0,
        "k_anonymity": 8,
        "is_compliant": false
    }
}