{
    "fidelity": {
        "wasserstein": 0.03341309479563987,
        "js_divergence": 0.0020461473814213076,
        "correlation_similarity": 0.5888896536390992,
        "mmd": 0.06324555322168557,
        "kl_divergence": 10.95869698830668
    },
    "utility": {
        "baseline_accuracy": 0.8333333333333334,
        "tstr_accuracy": 0.76,
        "trts_accuracy": 0.718,
        "performance_drop": 7.333333333333336
    },
    "privacy": {
        "linkability": {
            "exact_matches": 0,
            "is_compliant": true
        },
        "mia_risk_score": 0.7275,
        "k_anonymity": 8,
        "is_compliant": true
    }
}