{
    "fidelity": {
        "wasserstein": 0.055424658226348365,
        "js_divergence": 0.021614390254428135,
        "correlation_similarity": 0.5862450846235139,
        "mmd": 0.06324555322168557,
        "kl_divergence": 10.989622886986037
    },
    "utility": {
        "baseline_accuracy": 0.84,
        "tstr_accuracy": 0.7933333333333333,
        "trts_accuracy": 0.84,
        "performance_drop": 4.666666666666663
    },
    "privacy": {
        "linkability": {
            "exact_matches": 0,
            "is_compliant": true
        },
        "mia_risk_score": 0.71,
        "k_anonymity": 2,
        "is_compliant": true
    }
}