{
    "fidelity": {
        "wasserstein": 1097826.8771166154,
        "js_divergence": 0.3908922202193411,
        "correlation_similarity": 0.25271735760998976,
        "mmd": 1.0009995005005332,
        "kl_divergence": 18.553344653827992
    },
    "utility": {
        "performance_drop": 100.0
    },
    "privacy": {
        "linkability": {
            "exact_matches": 0,
            "is_compliant": true
        },
        "mia_risk_score": 1.0,
        "k_anonymity": 1,
        "is_compliant": false
    }
}