{
    "fidelity": {
        "wasserstein": 0.18529825371854694,
        "js_divergence": 0.0032024393652576636,
        "correlation_similarity": 0.5262656398876673,
        "mmd": 0.06799903657715588,
        "kl_divergence": 10.94547660748933
    },
    "utility": {
        "baseline_accuracy": 0.7933333333333333,
        "tstr_accuracy": 0.7266666666666667,
        "trts_accuracy": 0.54,
        "performance_drop": 6.666666666666665
    },
    "privacy": {
        "linkability": {
            "exact_matches": 0,
            "is_compliant": true
        },
        "mia_risk_score": 0.9875,
        "k_anonymity": 5,
        "is_compliant": false
    }
}