{
    "fidelity": {
        "wasserstein": 2074.6054031979415,
        "js_divergence": 0.0030532141958205176,
        "correlation_similarity": 0.5305273196651862,
        "mmd": 0.06324555322168557,
        "kl_divergence": 15.57808194257164
    },
    "utility": {
        "performance_drop": 0.0,
        "tstr_accuracy": 0.0,
        "trts_accuracy": 0.0,
        "baseline_accuracy": 0.0
    },
    "privacy": {
        "linkability": {
            "exact_matches": 0,
            "is_compliant": true
        },
        "mia_risk_score": 0.9974999999999999,
        "k_anonymity": 6,
        "is_compliant": false
    }
}