{
    "fidelity": {
        "wasserstein": 0.054344563823588765,
        "js_divergence": 0.014423898708636253,
        "correlation_similarity": 0.6127625485740525,
        "mmd": 0.06324555528076817,
        "kl_divergence": 10.988096961816547
    },
    "utility": {
        "baseline_accuracy": 0.7933333333333333,
        "tstr_accuracy": 0.8133333333333334,
        "trts_accuracy": 0.79,
        "performance_drop": 0.0
    },
    "privacy": {
        "linkability": {
            "exact_matches": 0,
            "is_compliant": true
        },
        "mia_risk_score": 0.6824999999999999,
        "k_anonymity": 3,
        "is_compliant": true
    }
}