{
    "fidelity": {
        "wasserstein": 0.05112867055796078,
        "js_divergence": 0.003947814130988426,
        "correlation_similarity": 0.5525030037708386,
        "mmd": 0.06324555322168557,
        "kl_divergence": 10.955515895923154
    },
    "utility": {
        "baseline_accuracy": 0.8,
        "tstr_accuracy": 0.7866666666666666,
        "trts_accuracy": 0.672,
        "performance_drop": 1.333333333333342
    },
    "privacy": {
        "linkability": {
            "exact_matches": 0,
            "is_compliant": true
        },
        "mia_risk_score": 0.71,
        "k_anonymity": 7,
        "is_compliant": true
    }
}