{
    "fidelity": {
        "wasserstein": 0.17657155238197783,
        "js_divergence": 0.0021206399480871666,
        "correlation_similarity": 0.5458649161221621,
        "mmd": 0.06828613062290578,
        "kl_divergence": 10.944258317259841
    },
    "utility": {
        "baseline_accuracy": 0.7933333333333333,
        "tstr_accuracy": 0.82,
        "trts_accuracy": 0.562,
        "performance_drop": 0.0
    },
    "privacy": {
        "linkability": {
            "exact_matches": 0,
            "is_compliant": true
        },
        "mia_risk_score": 1.0,
        "k_anonymity": 5,
        "is_compliant": false
    }
}