{
    "fidelity": {
        "wasserstein": 2074.617984741533,
        "js_divergence": 0.0029211582975004176,
        "correlation_similarity": 0.5706774855771098,
        "mmd": 0.06324555322168557,
        "kl_divergence": 15.577945071786687
    },
    "utility": {
        "performance_drop": 100.0
    },
    "privacy": {
        "linkability": {
            "exact_matches": 0,
            "is_compliant": true
        },
        "mia_risk_score": 1.0,
        "k_anonymity": 4,
        "is_compliant": false
    }
}