{
    "fidelity": {
        "wasserstein": 2007.2281718798245,
        "js_divergence": 0.004028871571290431,
        "correlation_similarity": 0.5324295881376039,
        "mmd": 0.07549784399678464,
        "kl_divergence": 10.954579013097327
    },
    "utility": {
        "baseline_accuracy": 0.7866666666666666,
        "tstr_accuracy": 0.7866666666666666,
        "trts_accuracy": 0.548,
        "performance_drop": 0.0
    },
    "privacy": {
        "linkability": {
            "exact_matches": 0,
            "is_compliant": true
        },
        "mia_risk_score": 1.0,
        "k_anonymity": 6,
        "is_compliant": false
    }
}