{
    "fidelity": {
        "wasserstein": 0.04709616166161198,
        "js_divergence": 0.0032769243090912357,
        "correlation_similarity": 0.6534668263884492,
        "mmd": 0.06324555320336758,
        "kl_divergence": 12.513357439723999
    },
    "utility": {
        "baseline_accuracy": 0.8666666666666667,
        "tstr_accuracy": 0.8933333333333333,
        "trts_accuracy": 0.868,
        "performance_drop": 0.0
    },
    "privacy": {
        "linkability": {
            "exact_matches": 0,
            "is_compliant": true
        },
        "mia_risk_score": 0.6900000000000001,
        "k_anonymity": 14,
        "is_compliant": true
    }
}