{
    "fidelity": {
        "wasserstein": 0.20439285033791496,
        "js_divergence": 0.0018540562606179942,
        "correlation_similarity": 0.5221213497495828,
        "mmd": 0.07358247493415358,
        "kl_divergence": 10.939821756656219
    },
    "utility": {
        "baseline_accuracy": 0.7933333333333333,
        "tstr_accuracy": 0.8,
        "trts_accuracy": 0.548,
        "performance_drop": 0.0
    },
    "privacy": {
        "linkability": {
            "exact_matches": 0,
            "is_compliant": true
        },
        "mia_risk_score": 1.0,
        "k_anonymity": 9,
        "is_compliant": false
    }
}