{
    "fidelity": {
        "wasserstein": 0.035123815890508066,
        "js_divergence": 0.0023120716259007984,
        "correlation_similarity": 0.564546931450921,
        "mmd": 0.06324555322168557,
        "kl_divergence": 10.955870111871242
    },
    "utility": {
        "baseline_accuracy": 0.7933333333333333,
        "tstr_accuracy": 0.8,
        "trts_accuracy": 0.666,
        "performance_drop": 0.0
    },
    "privacy": {
        "linkability": {
            "exact_matches": 0,
            "is_compliant": true
        },
        "mia_risk_score": 0.715,
        "k_anonymity": 6,
        "is_compliant": true
    }
}