{
    "fidelity": {
        "wasserstein": 0.055094015294559394,
        "js_divergence": 0.0028416893422684476,
        "correlation_similarity": 0.5905676664325052,
        "mmd": 0.06324555322168557,
        "kl_divergence": 10.956543196285622
    },
    "utility": {
        "baseline_accuracy": 0.7933333333333333,
        "tstr_accuracy": 0.8,
        "trts_accuracy": 0.666,
        "performance_drop": 0.0
    },
    "privacy": {
        "linkability": {
            "exact_matches": 0,
            "is_compliant": true
        },
        "mia_risk_score": 0.7499999999999999,
        "k_anonymity": 6,
        "is_compliant": true
    }
}