{
    "fidelity": {
        "wasserstein": 0.18551817890897024,
        "js_divergence": 0.0021291004583606815,
        "correlation_similarity": 0.5403209789780293,
        "mmd": 0.06609927600807879,
        "kl_divergence": 10.931414431542397
    },
    "utility": {
        "baseline_accuracy": 0.7933333333333333,
        "tstr_accuracy": 0.8066666666666666,
        "trts_accuracy": 0.586,
        "performance_drop": 0.0
    },
    "privacy": {
        "linkability": {
            "exact_matches": 0,
            "is_compliant": true
        },
        "mia_risk_score": 1.0,
        "k_anonymity": 5,
        "is_compliant": false
    }
}